timestamp_utc,event,detail
2026-01-18T17:56:14.507305,SERVER_STARTED,Modular backend server initialized
2026-01-18T17:58:10.161820,QUESTIONS_GENERATED,"session=16c55621-edb7-4e4a-93aa-109dc34d3ba9, count=32"
2026-01-18T17:59:41.379333,MONITORING_STARTED,session_id=16c55621-edb7-4e4a-93aa-109dc34d3ba9
2026-01-18T18:00:07.471456,ALERT_PARTIAL_FACE,"bbox_w=0.380, edge=True"
2026-01-18T18:01:16.063536,MONITORING_STOPPED,User stopped monitoring
2026-01-18T19:16:12.240468,SERVER_STARTED,Modular backend server initialized
2026-01-18T19:17:45.812191,QUESTIONS_GENERATED,"session=720ac217-4723-4065-9b19-e9f2ae3abcaa, count=34"
2026-01-18T19:22:24.247074,SERVER_STARTED,Modular backend server initialized
2026-01-18T19:24:43.047215,QUESTIONS_GENERATED,"session=bc53d508-7090-4c17-a594-899146751e2f, count=23"
2026-01-19T06:15:22.113275,SERVER_STARTED,Modular backend server initialized
2026-01-19T06:17:08.609487,QUESTIONS_GENERATED,"session=281a201a-3580-4935-a6ae-4b92de5902df, count=23"
2026-01-19T06:34:34.741148,SERVER_STARTED,Modular backend server initialized
2026-01-19T06:35:43.466810,QUESTIONS_GENERATED,"session=b65bd601-d7de-416e-a5cb-500e4283b813, count=34"
2026-01-19T06:40:59.843658,MONITORING_STARTED,session_id=b65bd601-d7de-416e-a5cb-500e4283b813
2026-01-19T06:41:04.936409,ALERT_PARTIAL_FACE,"bbox_w=0.204, edge=False"
2026-01-19T06:41:18.043095,MONITORING_STOPPED,User stopped monitoring
2026-01-20T11:42:41.148163,SERVER_STARTED,Modular backend server initialized
2026-01-20T11:45:24.739795,QUESTIONS_GENERATED,"session=8acef514-6a3b-4ff5-807a-4575d9a69d6e, count=45"
2026-01-20T11:45:51.569868,MONITORING_STARTED,session_id=8acef514-6a3b-4ff5-807a-4575d9a69d6e
2026-01-20T11:45:53.740474,ALERT_PARTIAL_FACE,"bbox_w=0.202, edge=False"
2026-01-20T11:46:00.051238,ALERT_NO_FACE,duration=2.3s
2026-01-20T11:46:00.754295,ALERT_PARTIAL_FACE,"bbox_w=0.213, edge=False"
2026-01-20T11:46:12.749510,ALERT_PARTIAL_FACE,"bbox_w=0.201, edge=False"
2026-01-20T11:47:03.833438,ALERT_NO_FACE,duration=1.8s
2026-01-20T11:47:04.816101,ALERT_PARTIAL_FACE,"bbox_w=0.154, edge=False"
2026-01-20T11:48:29.851203,ALERT_PARTIAL_FACE,"bbox_w=0.208, edge=False"
2026-01-20T11:54:10.712251,SERVER_STARTED,Modular backend server initialized
2026-01-20T11:56:17.535767,QUESTIONS_GENERATED,"session=33a9e311-f888-489f-83cf-b4bb9c4646d0, count=31"
2026-01-20T12:00:42.510832,MONITORING_STARTED,session_id=33a9e311-f888-489f-83cf-b4bb9c4646d0
2026-01-20T12:00:54.652181,ALERT_NO_FACE,duration=2.0s
2026-01-20T12:01:01.876232,ALERT_PARTIAL_FACE,"bbox_w=0.133, edge=False"
2026-01-20T12:01:25.405850,MONITORING_STOPPED,User stopped monitoring
2026-01-20T12:09:04.769725,MONITORING_STARTED,session_id=33a9e311-f888-489f-83cf-b4bb9c4646d0
2026-01-20T12:09:07.943779,ALERT_NO_FACE,duration=1.9s
2026-01-20T12:09:08.999740,ALERT_PARTIAL_FACE,"bbox_w=0.183, edge=False"
2026-01-20T12:09:18.953917,ALERT_NO_FACE,duration=2.0s
2026-01-20T12:09:21.974104,ALERT_PARTIAL_FACE,"bbox_w=0.211, edge=False"
2026-01-20T12:09:26.937719,ALERT_PARTIAL_FACE,"bbox_w=0.216, edge=False"
2026-01-20T12:09:31.005048,ALERT_PARTIAL_FACE,"bbox_w=0.190, edge=False"
2026-01-20T12:09:53.944721,ALERT_NO_FACE,duration=1.8s
2026-01-20T12:10:04.062849,ALERT_PARTIAL_FACE,"bbox_w=0.200, edge=False"
2026-01-20T12:10:17.958652,ALERT_NO_FACE,duration=1.9s
2026-01-20T12:11:00.167567,ALERT_PARTIAL_FACE,"bbox_w=0.204, edge=False"
2026-01-20T12:11:01.449796,MONITORING_STOPPED,User stopped monitoring
2026-01-20T17:53:05.132418,QUESTIONS_GENERATED,"session=6c37b9de-7de0-4b99-9f72-3871a0982c10, count=31"
2026-01-20T17:53:47.652827,MONITORING_STARTED,session_id=6c37b9de-7de0-4b99-9f72-3871a0982c10
2026-01-20T17:53:49.604096,ALERT_NO_FACE,duration=2.0s
2026-01-20T17:53:58.922079,ALERT_PARTIAL_FACE,"bbox_w=0.200, edge=True"
2026-01-20T17:54:01.762713,ALERT_NO_FACE,duration=2.0s
2026-01-20T17:54:05.137937,MONITORING_STOPPED,User stopped monitoring
2026-01-20T17:55:57.365497,QUESTIONS_GENERATED,"session=bcf2bdcf-73a4-454c-956e-2458c5af2e94, count=32"
2026-01-27T17:58:38.112790,SERVER_STARTED,Modular backend server initialized
2026-01-27T18:00:18.352401,QUESTIONS_GENERATED,"session=cfd868ce-8c20-432b-a511-6880ccab3fe0, count=28"
2026-01-27T18:00:29.723294,MONITORING_STARTED,session_id=cfd868ce-8c20-432b-a511-6880ccab3fe0
2026-01-27T18:00:31.793621,ALERT_PARTIAL_FACE,"bbox_w=0.177, edge=False"
2026-01-27T18:00:47.800034,ALERT_PARTIAL_FACE,"bbox_w=0.200, edge=False"
2026-01-27T18:01:01.793479,ALERT_NO_FACE,duration=2.0s
2026-01-27T18:01:06.810213,ALERT_NO_FACE,duration=2.0s
2026-01-27T18:01:18.789199,ALERT_PARTIAL_FACE,"bbox_w=0.220, edge=False"
2026-01-27T18:01:19.801048,ALERT_LOOK_AWAY,left
2026-01-27T18:01:24.845876,ALERT_NO_FACE,duration=2.1s
2026-01-27T18:01:44.785617,ALERT_PARTIAL_FACE,"bbox_w=0.199, edge=False"
2026-01-27T18:01:48.822765,ALERT_NO_FACE,duration=2.0s
2026-01-27T18:02:04.798855,ALERT_PARTIAL_FACE,"bbox_w=0.191, edge=False"
2026-01-27T18:02:06.815358,ALERT_NO_FACE,duration=2.0s
2026-01-27T18:04:06.817193,ALERT_PARTIAL_FACE,"bbox_w=0.209, edge=False"
2026-01-27T18:04:10.099319,ALERT_NO_FACE,duration=2.3s
2026-01-27T18:04:11.813595,ALERT_PARTIAL_FACE,"bbox_w=0.202, edge=False"
2026-01-27T18:04:25.834399,ALERT_PARTIAL_FACE,"bbox_w=0.214, edge=False"
2026-01-27T18:04:44.849942,ALERT_NO_FACE,duration=2.1s
2026-01-27T18:04:46.814780,ALERT_PARTIAL_FACE,"bbox_w=0.154, edge=False"
2026-02-09T18:00:38.817444,SERVER_STARTED,Modular backend server initialized
2026-02-09T18:01:55.387645,QUESTIONS_GENERATED,"session=ae757801-a139-41e7-b364-0f0614d13ff2, count=31"
2026-02-09T18:02:03.905324,MONITORING_STARTED,session_id=ae757801-a139-41e7-b364-0f0614d13ff2
2026-02-09T18:02:03.907323,MONITORING_STARTED,session_id=ae757801-a139-41e7-b364-0f0614d13ff2
2026-02-09T18:02:05.965495,ALERT_PARTIAL_FACE,"bbox_w=0.204, edge=False"
2026-02-09T18:02:08.083968,MONITORING_STOPPED,User stopped monitoring
2026-02-18T11:49:55.657147,SERVER_STARTED,Modular backend server initialized
2026-02-18T11:51:05.503922,QUESTIONS_GENERATED,"session=1c36f70e-b134-427f-b395-c2000351fb22, count=31"
2026-02-18T11:51:22.802876,MONITORING_STARTED,session_id=1c36f70e-b134-427f-b395-c2000351fb22
2026-02-18T11:51:24.971118,ALERT_PARTIAL_FACE,"bbox_w=0.157, edge=True"
2026-02-18T11:51:30.169057,ALERT_NO_FACE,duration=2.3s
2026-02-18T11:51:34.919042,ALERT_PARTIAL_FACE,"bbox_w=0.189, edge=True"
2026-02-18T11:51:45.714864,MONITORING_STOPPED,User stopped monitoring
